Year,AOD
2000,0.110502978
2001,0.10578261
2002,0.114083588
2003,0.115091119
2004,0.113118734
2005,0.108548366
2006,0.132011804
2007,0.118642307
2008,0.115916808
2009,0.118585618
2010,0.12161236
2011,0.135197892
2012,0.122407954
2013,0.122387537
2014,0.126627364
2015,0.13913945
2016,0.123957713
2017,0.128779821